{
  "project_info": {
    "project_number": "899012609711",
    "project_id": "pill-dispenser-a0346",
    "storage_bucket": "pill-dispenser-a0346.firebasestorage.app"
  },
  "client": [
    {
      "client_info": {
        "mobilesdk_app_id": "1:899012609711:android:8e20df7976269123f9765a",
        "android_client_info": {
          "package_name": "com.mycompany.pilldispenser"
        }
      },
      "oauth_client": [],
      "api_key": [
        {
          "current_key": "AIzaSyDTiDnJLKQveSSH5rOHwne-ykU4sePBbiw"
        }
      ],
      "services": {
        "appinvite_service": {
          "other_platform_oauth_client": []
        }
      }
    }
  ],
  "configuration_version": "1"
}